{
    "vertices": [0.981902,1.63047,-1.04531,0.981902,1.63047,1.04531,4.11112,1.63047,1.04531,4.11112,1.63047,-1.04531,0.981902,1.79047,-1.04531,0.981903,1.79047,1.04531,4.11113,1.79047,1.04531,4.11112,1.79047,-1.04531,1.39305,0.050302,-0.995342,1.39305,1.74029,-0.995342,1.39305,0.050302,-0.776624,1.39305,1.74029,-0.776624,1.15346,0.050302,-0.995342,1.15346,1.74029,-0.995342,1.15346,0.050302,-0.776624,1.15346,1.74029,-0.776624,3.99401,0.050302,-0.948529,3.994,1.74029,-0.948529,3.99401,0.050302,-0.729811,3.994,1.74029,-0.729811,3.75442,0.050302,-0.948529,3.75442,1.74029,-0.948529,3.75442,0.050302,-0.729811,3.75442,1.74029,-0.729811,4.05112,0.050302,0.723963,4.05112,1.74029,0.723963,4.05112,0.050302,0.942681,4.05112,1.74029,0.942681,3.81153,0.050302,0.723963,3.81153,1.74029,0.723963,3.81153,0.050302,0.942681,3.81153,1.74029,0.942681,1.33912,0.050302,0.760326,1.33912,1.74029,0.760326,1.33912,0.050302,0.979043,1.33912,1.74029,0.979043,1.09953,0.050302,0.760326,1.09953,1.74029,0.760326,1.09953,0.050302,0.979043,1.09953,1.74029,0.979043],
    "uvs": [[0,0,0,1,1,1,1,0]],
    "normals": [-0.577349,-0.577319,-0.577349,0.577319,-0.577349,-0.577349,0.577319,-0.577349,0.577349,-0.577349,-0.577349,0.577319,-0.577349,0.577349,-0.577319,-0.577319,0.577349,0.577349,0.577349,0.577319,0.577349,0.577349,0.577349,-0.577349,0.577349,0.577349,0.577349,0.577349,-0.577349,0.577349,0.577349,-0.577349,-0.577349,-0.577349,0.577349,0.577349,-0.577349,-0.577349,0.577349,-0.577349,0.577349,-0.577349,-0.577349,-0.577349,-0.577349],
    "materials": [{
        "colorEmissive": [0,0,0],
        "colorAmbient": [0.8,0.8,0.8],
        "mapDiffuseAnisotropy": 1,
        "mapDiffuse": "texture-1027700_1280.jpg",
        "mapDiffuseRepeat": [1,1],
        "wireframe": false,
        "depthTest": true,
        "transparent": false,
        "DbgName": "Material",
        "DbgColor": 15658734,
        "colorDiffuse": [0.8,0.8,0.8],
        "shading": "lambert",
        "depthWrite": true,
        "DbgIndex": 0,
        "blending": "NormalBlending",
        "mapDiffuseWrap": ["RepeatWrapping","RepeatWrapping"],
        "visible": true,
        "opacity": 1
    }],
    "metadata": {
        "generator": "io_three",
        "vertices": 40,
        "uvs": 1,
        "version": 3,
        "materials": 1,
        "type": "Geometry",
        "faces": 30,
        "normals": 15
    },
    "name": "Cube.000Geometry",
    "faces": [43,0,3,2,1,0,0,1,2,3,0,1,2,3,43,4,5,6,7,0,0,3,2,1,4,5,6,7,43,0,1,5,4,0,0,3,2,1,0,3,5,4,43,1,2,6,5,0,0,3,2,1,3,2,6,5,43,2,3,7,6,0,0,3,2,1,2,1,7,6,43,3,0,4,7,0,2,1,0,3,1,0,4,7,43,9,11,10,8,0,0,3,2,1,7,8,9,10,43,11,15,14,10,0,0,3,2,1,8,11,12,9,43,15,13,12,14,0,0,3,2,1,11,13,14,12,43,13,9,8,12,0,0,3,2,1,13,7,10,14,43,8,10,14,12,0,0,3,2,1,10,9,12,14,43,13,15,11,9,0,0,3,2,1,13,11,8,7,43,17,19,18,16,0,0,3,2,1,7,8,9,10,43,19,23,22,18,0,0,3,2,1,8,11,12,9,43,23,21,20,22,0,0,3,2,1,11,13,14,12,43,21,17,16,20,0,0,3,2,1,13,7,10,14,43,16,18,22,20,0,0,3,2,1,10,9,12,14,43,21,23,19,17,0,0,3,2,1,13,11,8,7,43,25,27,26,24,0,0,3,2,1,7,8,9,10,43,27,31,30,26,0,0,3,2,1,8,11,12,9,43,31,29,28,30,0,0,3,2,1,11,13,14,12,43,29,25,24,28,0,0,3,2,1,13,7,10,14,43,24,26,30,28,0,0,3,2,1,10,9,12,14,43,29,31,27,25,0,0,3,2,1,13,11,8,7,43,33,35,34,32,0,0,3,2,1,7,8,9,10,43,35,39,38,34,0,0,3,2,1,8,11,12,9,43,39,37,36,38,0,0,3,2,1,11,13,14,12,43,37,33,32,36,0,0,3,2,1,13,7,10,14,43,32,34,38,36,0,0,3,2,1,10,9,12,14,43,37,39,35,33,0,0,3,2,1,13,11,8,7]
}