{
    "uvs": [],
    "normals": [-0.577349,0.577349,0.577349,-0.577349,0.577349,-0.577349,-0.577349,-0.577349,-0.577349,-0.577349,-0.577349,0.577349,0.577349,-0.577349,0.577349,0.577349,0.577349,0.577349,0.577349,-0.577349,-0.577349,0.577349,0.577349,-0.577349,-0.577349,-0.577319,0.577349,-0.577349,-0.577349,-0.577319,0.577319,-0.577349,-0.577349,0.577319,-0.577349,0.577349,-0.577349,0.577349,0.577319,0.577349,0.577319,-0.577349,-0.577319,0.577349,-0.577349],
    "vertices": [1.15346,1.74029,-0.995342,1.15346,0.050302,-0.995342,1.15346,1.74029,-0.776624,1.15346,0.050302,-0.776624,1.39305,1.74029,-0.995342,1.39305,0.050302,-0.995342,1.39305,1.74029,-0.776624,1.39305,0.050302,-0.776624,-1.44749,1.74029,-0.948529,-1.44749,0.050302,-0.948529,-1.44749,1.74029,-0.729811,-1.44749,0.050302,-0.729811,-1.2079,1.74029,-0.948529,-1.2079,0.050302,-0.948529,-1.2079,1.74029,-0.729811,-1.2079,0.050302,-0.729811,-1.5046,1.74029,0.723963,-1.5046,0.050302,0.723963,-1.5046,1.74029,0.942681,-1.5046,0.050302,0.942681,-1.26502,1.74029,0.723963,-1.26502,0.050302,0.723963,-1.26502,1.74029,0.942681,-1.26502,0.050302,0.942681,1.20739,1.74029,0.760326,1.20739,0.050302,0.760326,1.20739,1.74029,0.979043,1.20739,0.050302,0.979043,1.44698,1.74029,0.760326,1.44698,0.050302,0.760326,1.44698,1.74029,0.979043,1.44698,0.050302,0.979043,1.56461,0.08,-1.04531,1.56461,0.08,1.04531,-1.56461,0.08,1.04531,-1.56461,0.08,-1.04531,1.56461,-0.08,-1.04531,1.56461,-0.08,1.04531,-1.56461,-0.08,1.04531,-1.56461,-0.08,-1.04531],
    "metadata": {
        "version": 3,
        "faces": 30,
        "uvs": 0,
        "normals": 15,
        "vertices": 40,
        "type": "Geometry",
        "generator": "io_three"
    },
    "faces": [33,2,0,1,3,0,1,2,3,33,3,7,6,2,3,4,5,0,33,7,5,4,6,4,6,7,5,33,0,4,5,1,1,7,6,2,33,0,2,6,4,1,0,5,7,33,5,7,3,1,6,4,3,2,33,9,11,10,8,2,3,0,1,33,11,15,14,10,3,4,5,0,33,15,13,12,14,4,6,7,5,33,13,9,8,12,6,2,1,7,33,8,10,14,12,1,0,5,7,33,13,15,11,9,6,4,3,2,33,17,19,18,16,2,3,0,1,33,19,23,22,18,3,4,5,0,33,23,21,20,22,4,6,7,5,33,21,17,16,20,6,2,1,7,33,16,18,22,20,1,0,5,7,33,21,23,19,17,6,4,3,2,33,25,27,26,24,2,3,0,1,33,27,31,30,26,3,4,5,0,33,31,29,28,30,4,6,7,5,33,29,25,24,28,6,2,1,7,33,24,26,30,28,1,0,5,7,33,29,31,27,25,6,4,3,2,33,32,33,34,35,8,9,10,11,33,36,39,38,37,12,5,13,14,33,32,36,37,33,8,12,14,9,33,33,37,38,34,9,14,13,10,33,34,38,39,35,10,13,5,11,33,36,32,35,39,12,8,11,5],
    "name": "Cube.007Geometry"
}