{
    "normals": [-0.577319,0.577349,-0.577349,-0.577349,0.577349,0.577319,0.577349,0.577319,0.577349,0.577349,0.577349,-0.577349,-0.577349,0.577349,-0.577319,-0.577319,0.577349,0.577349,0.577349,0.577349,0.577349,0.577349,-0.577349,0.577349,0.577349,-0.577349,-0.577349,-0.577349,0.577349,0.577349,-0.577349,-0.577349,0.577349,-0.577349,0.577349,-0.577349,-0.577349,-0.577349,-0.577349],
    "materials": [{
        "DbgName": "Material",
        "mapDiffuse": "wood.jpg",
        "visible": true,
        "wireframe": false,
        "shading": "lambert",
        "colorEmissive": [0,0,0],
        "mapDiffuseAnisotropy": 1,
        "mapDiffuseWrap": ["RepeatWrapping","RepeatWrapping"],
        "transparent": false,
        "mapDiffuseRepeat": [1,1],
        "DbgIndex": 0,
        "depthWrite": true,
        "blending": "NormalBlending",
        "colorDiffuse": [0.64,0.64,0.64],
        "depthTest": true,
        "DbgColor": 15658734,
        "opacity": 1
    }],
    "vertices": [0.981902,1.63047,-1.04531,0.981902,1.63047,1.04531,4.11112,1.63047,1.04531,4.11112,1.63047,-1.04531,0.981902,1.79047,-1.04531,0.981903,1.79047,1.04531,4.11113,1.79047,1.04531,4.11112,1.79047,-1.04531,1.39305,0.050302,-0.995342,1.39305,1.74029,-0.995342,1.39305,0.050302,-0.776624,1.39305,1.74029,-0.776624,1.15346,0.050302,-0.995342,1.15346,1.74029,-0.995342,1.15346,0.050302,-0.776624,1.15346,1.74029,-0.776624,3.99401,0.050302,-0.948529,3.994,1.74029,-0.948529,3.99401,0.050302,-0.729811,3.994,1.74029,-0.729811,3.75442,0.050302,-0.948529,3.75442,1.74029,-0.948529,3.75442,0.050302,-0.729811,3.75442,1.74029,-0.729811,4.05112,0.050302,0.723963,4.05112,1.74029,0.723963,4.05112,0.050302,0.942681,4.05112,1.74029,0.942681,3.81153,0.050302,0.723963,3.81153,1.74029,0.723963,3.81153,0.050302,0.942681,3.81153,1.74029,0.942681,1.33912,0.050302,0.760326,1.33912,1.74029,0.760326,1.33912,0.050302,0.979043,1.33912,1.74029,0.979043,1.09953,0.050302,0.760326,1.09953,1.74029,0.760326,1.09953,0.050302,0.979043,1.09953,1.74029,0.979043],
    "metadata": {
        "normals": 13,
        "generator": "io_three",
        "type": "Geometry",
        "faces": 30,
        "materials": 1,
        "vertices": 40,
        "uvs": 0,
        "version": 3
    },
    "uvs": [],
    "faces": [35,0,1,2,3,0,0,1,2,3,35,4,5,6,7,0,4,5,2,3,35,0,1,5,4,0,0,1,5,4,35,1,2,6,5,0,1,2,2,5,35,2,3,7,6,0,2,3,3,2,35,3,0,4,7,0,3,0,4,3,35,9,11,10,8,0,3,6,7,8,35,11,15,14,10,0,6,9,10,7,35,15,13,12,14,0,9,11,12,10,35,13,9,8,12,0,11,3,8,12,35,8,10,14,12,0,8,7,10,12,35,13,15,11,9,0,11,9,6,3,35,17,19,18,16,0,3,6,7,8,35,19,23,22,18,0,6,9,10,7,35,23,21,20,22,0,9,11,12,10,35,21,17,16,20,0,11,3,8,12,35,16,18,22,20,0,8,7,10,12,35,21,23,19,17,0,11,9,6,3,35,25,27,26,24,0,3,6,7,8,35,27,31,30,26,0,6,9,10,7,35,31,29,28,30,0,9,11,12,10,35,29,25,24,28,0,11,3,8,12,35,24,26,30,28,0,8,7,10,12,35,29,31,27,25,0,11,9,6,3,35,33,35,34,32,0,3,6,7,8,35,35,39,38,34,0,6,9,10,7,35,39,37,36,38,0,9,11,12,10,35,37,33,32,36,0,11,3,8,12,35,32,34,38,36,0,8,7,10,12,35,37,39,35,33,0,11,9,6,3],
    "name": "Cube.000Geometry.3"
}