{
    "materials": [{
        "blending": "NormalBlending",
        "wireframe": false,
        "colorSpecular": [0.5,0.5,0.5],
        "colorEmissive": [0,0,0],
        "depthTest": true,
        "DbgIndex": 0,
        "transparent": false,
        "opacity": 1,
        "vertexColors": false,
        "specularCoef": 50,
        "visible": true,
        "shading": "phong",
        "depthWrite": true,
        "DbgName": "Material.001",
        "DbgColor": 15658734
    }],
    "uvs": [],
    "vertices": [0.049497,0.032038,-0,0.03889,0.016853,-0,0.026788,0.007612,-0,0.013656,0.001921,-0,0.049407,0.03201,0,2.0491,-0.002895,0,0.049407,0.03201,-3,2.0491,-0.002895,-3,0.051152,0.131995,0,2.05085,0.09709,0,0.051152,0.131995,-3,2.05085,0.09709,-3,2.05085,0.09709,0,2.07847,0.08818,-3,2.08594,0.081831,-3,2.09203,0.074146,-3,2.09649,0.065423,-3,2.09918,0.055995,-3,2.09997,0.046225,-3,2.09884,0.036489,-3,2.09583,0.02716,-3,2.09106,0.018598,-3,2.08471,0.011131,-3,2.07702,0.005046,-3,2.0683,0.000577,-3,2.05887,-0.002104,-3,2.0491,-0.002895,-3,2.05085,0.09709,-3,2.0491,-0.002895,0,2.05887,-0.002104,0,2.0683,0.000577,0,2.07702,0.005046,0,2.08471,0.011131,0,2.09106,0.018598,0,2.09583,0.02716,0,2.09884,0.036489,0,2.09997,0.046225,0,2.09918,0.055995,0,2.09649,0.065423,0,2.09203,0.074147,0,2.08594,0.081831,0,2.07847,0.08818,0,2.06991,0.092951,0,2.06058,0.095959,0,2.06991,0.092951,-3,2.06058,0.095959,-3,0.049497,0.032038,-0,0.03889,0.016853,-0,0.026788,0.007612,-0,0.013656,0.001921,-0,0.049497,0.044221,-0,0.03889,0.029036,-0,0.026788,0.019795,-0,0.013656,0.014104,-0,0.049497,0.032038,-3,0.03889,0.016853,-3,0.026788,0.007612,-3,0.013656,0.001921,-3,0.049497,0.044221,-3,0.03889,0.029036,-3,0.026788,0.019795,-3,0.013656,0.014104,-3,0.005,0.073431,0,0.005,0.186568,0,0.05124,0.132664,0,0.005,0.073431,0,0.05124,0.132664,0,0.005,0.186568,0,0.05124,0.132664,0,0.04624,0.131871,0,0.05124,0.132664,0,0.005,0.186568,0,0.005,0.073431,0,0.04624,0.131871,0,0.05124,0.132664,-3,0.005,0.186568,-3,0.005,0.073431,-3,0.04624,0.131871,-3,-0.049497,0.032038,-0,-0.03889,0.016853,-0,-0.026788,0.007612,-0,-0.013656,0.001921,-0,0,-0,-0,-0.049407,0.03201,0,-2.0491,-0.002895,0,-0.049407,0.03201,-3,-2.0491,-0.002895,-3,-0.051152,0.131995,0,-2.05085,0.09709,0,-0.051152,0.131995,-3,-2.05085,0.09709,-3,-2.05085,0.09709,0,-2.07847,0.08818,-3,-2.08594,0.081831,-3,-2.09203,0.074146,-3,-2.09649,0.065423,-3,-2.09918,0.055995,-3,-2.09997,0.046225,-3,-2.09884,0.036489,-3,-2.09583,0.02716,-3,-2.09106,0.018598,-3,-2.08471,0.011131,-3,-2.07702,0.005046,-3,-2.0683,0.000577,-3,-2.05887,-0.002104,-3,-2.0491,-0.002895,-3,-2.05085,0.09709,-3,-2.0491,-0.002895,0,-2.05887,-0.002104,0,-2.0683,0.000577,0,-2.07702,0.005046,0,-2.08471,0.011131,0,-2.09106,0.018598,0,-2.09583,0.02716,0,-2.09884,0.036489,0,-2.09997,0.046225,0,-2.09918,0.055995,0,-2.09649,0.065423,0,-2.09203,0.074147,0,-2.08594,0.081831,0,-2.07847,0.08818,0,-2.06991,0.092951,0,-2.06058,0.095959,0,-2.06991,0.092951,-3,-2.06058,0.095959,-3,-0.049497,0.032038,-0,-0.03889,0.016853,-0,-0.026788,0.007612,-0,-0.013656,0.001921,-0,0,-0,-0,-0.049497,0.044221,-0,-0.03889,0.029036,-0,-0.026788,0.019795,-0,-0.013656,0.014104,-0,0,0.012183,-0,-0.049497,0.032038,-3,-0.03889,0.016853,-3,-0.026788,0.007612,-3,-0.013656,0.001921,-3,0,-0,-3,-0.049497,0.044221,-3,-0.03889,0.029036,-3,-0.026788,0.019795,-3,-0.013656,0.014104,-3,0,0.012183,-3,-0.005,0.073431,0,-0.005,0.186568,0,-0.05124,0.132664,0,-0.005,0.073431,0,-0.05124,0.132664,0,-0.005,0.186568,0,-0.05124,0.132664,0,0,0.072638,0,0,0.185775,0,-0.04624,0.131871,0,-0.05124,0.132664,0,-0.005,0.186568,0,-0.005,0.073431,0,-0.04624,0.131871,0,0,0.185775,0,0,0.072638,0,-0.05124,0.132664,-3,-0.005,0.186568,-3,-0.005,0.073431,-3,-0.04624,0.131871,-3,0,0.185775,-3,0,0.072638,-3],
    "name": "PlaneGeometry.2",
    "metadata": {
        "vertices": 167,
        "version": 3,
        "generator": "io_three",
        "faces": 201,
        "type": "Geometry",
        "normals": 141,
        "materials": 1,
        "uvs": 0,
        "colors": 0
    },
    "colors": [],