{
    "faces": [35,0,1,2,3,0,0,1,2,3,35,1,0,4,5,0,1,0,4,5,35,5,6,2,1,0,5,6,2,1,35,3,2,6,7,0,3,2,6,7,35,7,6,5,4,0,7,6,5,4,35,4,0,3,7,0,4,0,3,7,35,10,9,8,11,0,8,8,8,8,35,12,15,14,13,0,9,10,11,12,35,16,12,13,17,0,13,9,12,14,35,17,13,14,18,0,14,12,11,15,35,15,19,18,14,0,10,16,15,11,35,19,16,17,18,0,16,13,14,15,35,15,12,16,19,0,10,9,13,16,35,22,23,20,21,0,17,17,17,17],
    "uvs": [],
    "normals": [0.617695,0.519883,-0.590014,0.585437,-0.570513,-0.575945,-0.577349,-0.57738,-0.577319,-0.521928,0.636616,-0.567705,0.617695,0.519944,0.589953,0.585437,-0.570452,0.576006,-0.577349,-0.577319,0.57738,-0.521928,0.636677,0.567614,-0.196081,-0.98056,3.1e-05,-0.617695,0.519883,-0.590014,0.521928,0.636616,-0.567705,0.577349,-0.57738,-0.577319,-0.585437,-0.570513,-0.575945,-0.617695,0.519944,0.589953,-0.585437,-0.570452,0.576006,0.577349,-0.577319,0.57738,0.521928,0.636677,0.567614,0.196081,-0.98056,3.1e-05],
    "vertices": [-1.70962,0.503486,-0.713747,-1.66325,-1.2887,-0.713648,-2.23026,-1.2887,-0.713648,-2.23026,0.607605,-0.713753,-1.70962,0.503525,-0.012159,-1.66325,-1.28866,-0.012059,-2.23026,-1.28866,-0.01206,-2.23027,0.607643,-0.012165,-1.69592,0.517049,-0.713748,-2.23026,0.623908,-0.713754,-2.23027,0.623947,-0.012165,-1.69592,0.517087,-0.012159,1.70963,0.503488,-0.713745,1.66325,-1.28869,-0.713646,2.23027,-1.28869,-0.713646,2.23027,0.607607,-0.713751,1.70963,0.503527,-0.012157,1.66325,-1.28866,-0.012057,2.23027,-1.28866,-0.012057,2.23027,0.607646,-0.012162,1.69592,0.517051,-0.713746,2.23027,0.623911,-0.713752,2.23027,0.623949,-0.012163,1.69592,0.517089,-0.012157],
    "materials": [{
        "vertexColors": false,
        "blending": "NormalBlending",
        "DbgColor": 15658734,
        "DbgIndex": 0,
        "colorDiffuse": [1,1,1],
        "wireframe": false,
        "depthWrite": true,
        "visible": true,
        "colorEmissive": [0,0,0],
        "shading": "lambert",
        "opacity": 1,
        "transparent": false,
        "depthTest": true,
        "DbgName": "Material"
    }],
    "metadata": {
        "uvs": 0,
        "normals": 18,
        "type": "Geometry",
        "version": 3,
        "colors": 0,
        "faces": 14,
        "materials": 1,
        "vertices": 24,
        "generator": "io_three"
    },
    "name": "Cylinder.001Geometry.1",
    "colors": []
}