{
    "name": "Cube.001Geometry",
    "vertices": [-0.1,-1,1,-0.1,1,1,-0.1,-1,-1,-0.1,1,-1,0.1,-1,1,0.1,1,1,0.1,-1,-1,0.1,1,-1,-0.09,-0.9,0.9,-0.09,0.9,0.9,-0.09,0.9,-0.9,-0.09,-0.9,-0.9,0.09,0.9,-0.9,0.09,-0.9,-0.9,0.09,0.9,0.9,0.09,-0.9,0.9],
    "uvs": [],
    "normals": [-0.58684,0.572558,-0.572497,0.596332,0.567583,-0.567583,0.596332,-0.567583,-0.567583,-0.596057,-0.567736,-0.567736,-0.58684,-0.572497,0.572558,0.596332,-0.567583,0.567583,0.596332,0.567583,0.567583,-0.596332,0.567583,0.567583,-0.891201,-0.320688,0.32078,-0.557665,0.586932,0.586932,0.878048,0.338359,0.338359,0.878048,-0.338359,0.338359,0.878048,-0.338359,-0.338359,0.878048,0.338359,-0.338359,-0.891201,0.32078,-0.320688,-0.878048,-0.338359,-0.338359],
    "metadata": {
        "vertices": 16,
        "uvs": 0,
        "materials": 1,
        "faces": 18,
        "type": "Geometry",
        "normals": 16,
        "generator": "io_three",
        "version": 3
    },
    "materials": [{
        "opacity": 1,
        "colorAmbient": [0.242558,0.222968,0.23757],
        "colorEmissive": [0,0,0],
        "wireframe": false,
        "shading": "phong",
        "colorSpecular": [0.124244,0.115166,0.126471],
        "depthTest": true,
        "blending": "NormalBlending",
        "colorDiffuse": [0.242558,0.222968,0.23757],
        "specularCoef": 50,
        "transparent": false,
        "depthWrite": true,
        "DbgName": "Material.001",
        "DbgIndex": 0,
        "visible": true,
        "DbgColor": 15658734
    }],
    "faces": [35,3,7,6,2,0,0,1,2,3,35,0,4,5,1,0,4,5,6,7,35,0,2,6,4,0,4,3,2,5,35,5,7,3,1,0,6,1,0,7,35,10,11,13,12,0,8,9,10,11,35,14,15,8,9,0,12,13,14,15,35,8,15,13,11,0,14,13,10,9,35,14,9,10,12,0,12,15,8,11,34,2,0,8,0,3,4,14,34,10,3,2,0,8,0,3,34,2,8,11,0,3,14,9,34,2,11,10,0,3,9,8,35,8,0,1,9,0,14,4,7,15,35,9,1,3,10,0,15,7,0,8,35,6,13,15,4,0,2,10,13,5,35,4,15,14,5,0,5,13,12,6,35,5,14,12,7,0,6,12,11,1,35,6,7,12,13,0,2,1,11,10]
}