{
    "faces": [35,3,2,6,7,0,0,1,2,3,35,0,1,5,4,0,4,5,6,7,35,0,4,6,2,0,4,7,2,1,35,5,1,3,7,0,6,5,0,3,35,10,12,13,11,0,8,9,10,11,35,14,9,8,15,0,12,13,14,15,35,8,11,13,15,0,14,11,10,15,35,14,12,10,9,0,12,9,8,13,34,2,3,10,0,1,0,8,34,8,0,2,0,14,4,1,34,2,10,11,0,1,8,11,34,2,11,8,0,1,11,14,35,1,0,8,9,0,5,4,14,13,35,9,10,3,1,0,13,8,0,5,35,6,4,15,13,0,2,7,15,10,35,4,5,14,15,0,7,6,12,15,35,5,7,12,14,0,6,3,9,12,35,6,13,12,7,0,2,10,9,3],
    "name": "Cube.001Geometry",
    "uvs": [],
    "vertices": [-0.1,-1,1,-0.1,1,1,-0.1,-1,-1,-0.1,1,-1,0.1,-1,1,0.1,1,1,0.1,-1,-1,0.1,1,-1,-0.09,-0.9,0.9,-0.09,0.9,0.9,-0.09,0.9,-0.9,-0.09,-0.9,-0.9,0.09,0.9,-0.9,0.09,-0.9,-0.9,0.09,0.9,0.9,0.09,-0.9,0.9],
    "colors": [],
    "metadata": {
        "faces": 18,
        "type": "Geometry",
        "uvs": 0,
        "colors": 0,
        "normals": 16,
        "generator": "io_three",
        "vertices": 16,
        "version": 3,
        "materials": 1
    },
    "normals": [0.58684,-0.572558,0.572497,0.596057,0.567736,0.567736,-0.596332,0.567583,0.567583,-0.596332,-0.567583,0.567583,0.58684,0.572497,-0.572558,0.596332,-0.567583,-0.567583,-0.596332,-0.567583,-0.567583,-0.596332,0.567583,-0.567583,0.891201,0.320688,-0.32078,-0.878048,0.338359,-0.338359,-0.878048,-0.338359,-0.338359,0.557665,-0.586932,-0.586932,-0.878048,0.338359,0.338359,0.878048,0.338359,0.338359,0.891201,-0.32078,0.320688,-0.878048,-0.338359,0.338359],
    "materials": [{
        "specularCoef": 50,
        "colorEmissive": [0,0,0],
        "blending": "NormalBlending",
        "opacity": 1,
        "depthTest": true,
        "wireframe": false,
        "transparent": false,
        "colorDiffuse": [0.242558,0.222968,0.23757],
        "visible": true,
        "colorSpecular": [0.124244,0.115166,0.126471],
        "vertexColors": false,
        "shading": "phong",
        "DbgName": "Material.001",
        "DbgIndex": 0,
        "DbgColor": 15658734,
        "depthWrite": true
    }]
}