{
    "uvs": [[0.369587,0.999919,8.2e-05,0.999919,8.2e-05,0.978183,0.369587,0.978183,0.369749,0.02198,0.847936,0.021979,0.847936,0.043715,0.369749,0.043715,8.1e-05,0.478264,0.369586,0.478264,0.369586,0.5,8.1e-05,0.5,0.847936,0.021817,0.369749,0.021817,0.369749,8.1e-05,0.847936,8.2e-05,8.1e-05,8.1e-05,0.369586,8.1e-05]],
    "materials": [{
        "depthWrite": true,
        "DbgName": "Material.003",
        "colorEmissive": [0,0,0],
        "colorAmbient": [0.64,0.64,0.64],
        "mapDiffuseWrap": ["RepeatWrapping","RepeatWrapping"],
        "mapDiffuseAnisotropy": 1,
        "DbgColor": 15597568,
        "shading": "lambert",
        "opacity": 1,
        "transparent": false,
        "colorDiffuse": [0.64,0.64,0.64],
        "DbgIndex": 1,
        "wireframe": false,
        "depthTest": true,
        "mapDiffuse": "deckeNeu.png",
        "mapDiffuseRepeat": [3,2],
        "blending": "NormalBlending",
        "visible": true
    }],
    "faces": [43,2,0,1,3,0,2,3,0,1,0,1,2,3,43,3,7,6,2,0,4,5,6,7,3,4,5,0,43,7,5,4,6,0,8,9,10,11,4,6,7,5,43,0,4,5,1,0,14,15,12,13,1,7,6,2,43,0,2,6,4,0,3,2,11,10,1,0,5,7,43,5,7,3,1,0,9,8,16,17,6,4,3,2],
    "metadata": {
        "generator": "io_three",
        "faces": 6,
        "vertices": 8,
        "uvs": 1,
        "materials": 1,
        "type": "Geometry",
        "version": 3,
        "normals": 8
    },
    "vertices": [0,2.5,-0,0,2.7,-0,0,2.5,-3.4,0,2.7,-3.4,4.4,2.5,-0,4.4,2.7,-0,4.4,2.5,-3.4,4.4,2.7,-3.4],
    "name": "Plane.002Geometry",
    "normals": [-0.577349,-0.577349,-0.577349,-0.577349,-0.577349,0.577349,-0.577349,0.577349,0.577349,-0.577349,0.577349,-0.577349,0.577349,0.577349,-0.577349,0.577349,-0.577349,-0.577349,0.577349,0.577349,0.577349,0.577349,-0.577349,0.577349]
}