{
    "name": "Plane.006Geometry.1",
    "faces": [43,7,3,2,6,0,0,1,2,3,0,1,2,3,43,1,3,7,5,0,4,1,0,5,4,1,0,5,43,4,5,7,6,0,6,5,0,3,6,5,0,3,43,0,1,5,4,0,7,2,5,6,7,4,5,6,43,1,0,2,3,0,2,8,2,4,4,7,2,1,43,2,0,4,6,0,8,7,6,3,2,7,6,3],
    "metadata": {
        "generator": "io_three",
        "faces": 6,
        "vertices": 8,
        "uvs": 1,
        "type": "Geometry",
        "normals": 8,
        "version": 3,
        "materials": 1
    },
    "vertices": [4.2,2.5,-2.89033,4.2,2.5,-3.18657,4.4,2.5,-2.89033,4.4,2.5,-3.18657,4.2,-0,-2.88657,4.2,-0,-3.18657,4.4,-0,-2.88657,4.4,-0,-3.18657],
    "materials": [{
        "opacity": 1,
        "transparent": false,
        "colorDiffuse": [0,0,0],
        "wireframe": false,
        "shading": "lambert",
        "colorEmissive": [0,0,0],
        "visible": true,
        "DbgColor": 15658734,
        "colorAmbient": [0,0,0],
        "DbgIndex": 0,
        "depthWrite": true,
        "DbgName": "Material.001",
        "blending": "NormalBlending",
        "depthTest": true
    }],
    "uvs": [[0.852444,0.043264,0.999976,0.054919,0,0,0.854379,0.045189,0.983591,0.048188,0.852458,0.046403,0.854432,0.044844,0.931218,0.050321,0.936035,0.050672]],
    "normals": [0.577349,-0.577349,-0.577349,0.577349,0.577349,-0.577349,0.57741,0.577715,0.576861,0.577258,-0.576952,0.577807,-0.577349,0.577349,-0.577349,-0.577349,-0.577349,-0.577349,-0.577258,-0.576952,0.577807,-0.57741,0.577715,0.576861]
}