{
    "name": "Plane.004Geometry.2",
    "faces": [43,0,2,6,4,0,0,1,2,3,0,1,2,3,43,3,7,11,9,0,4,5,6,7,4,5,3,0,43,8,9,11,10,0,8,9,10,11,1,0,3,2,43,5,1,12,14,0,12,13,14,15,6,7,8,9,43,12,13,15,14,0,16,17,18,19,8,0,3,9,43,1,5,7,3,0,13,12,5,4,7,6,5,4,42,5,14,15,0,12,19,18,6,9,3,42,10,11,7,0,11,10,5,2,3,5,42,5,15,4,0,12,18,3,6,3,3,42,6,10,7,0,2,11,5,2,2,5,42,7,5,4,0,5,12,3,5,6,3,42,7,4,6,0,5,3,2,5,3,2,43,6,2,8,10,0,2,20,21,11,2,1,1,2,42,3,9,8,0,4,22,23,4,0,1,42,13,12,1,0,26,27,13,0,8,7,42,3,8,2,0,4,23,24,4,1,1,42,0,13,1,0,25,26,13,0,0,7,42,1,3,2,0,13,4,24,7,4,1,42,1,2,0,0,13,24,25,7,1,0,43,0,4,15,13,0,28,3,18,29,0,3,3,0],
    "metadata": {
        "generator": "io_three",
        "faces": 20,
        "vertices": 16,
        "uvs": 1,
        "type": "Geometry",
        "normals": 10,
        "version": 3,
        "materials": 1
    },
    "vertices": [4.2,2.2,-0.790335,4.2,2.5,-0.190335,4.2,2.2,-2.89033,4.2,2.5,-3.18657,4.4,2.2,-0.790335,4.4,2.5,-0.190335,4.4,2.2,-2.89033,4.4,2.5,-3.18657,4.2,-0,-2.88657,4.2,-0,-3.18657,4.4,-0,-2.88657,4.4,-0,-3.18657,4.2,-0,-0.190335,4.2,-0,-0.790335,4.4,-0,-0.190335,4.4,-0,-0.790335],
    "materials": [{
        "opacity": 1,
        "transparent": false,
        "colorDiffuse": [0.64,0.64,0.64],
        "wireframe": false,
        "mapDiffuseRepeat": [3,3],
        "shading": "lambert",
        "mapDiffuseAnisotropy": 1,
        "colorEmissive": [0,0,0],
        "visible": true,
        "DbgColor": 15658496,
        "colorAmbient": [0.64,0.64,0.64],
        "DbgIndex": 4,
        "mapDiffuseWrap": ["RepeatWrapping","RepeatWrapping"],
        "depthWrite": true,
        "DbgName": "doorframe",
        "mapDiffuse": "wandNeu.png",
        "blending": "NormalBlending",
        "depthTest": true
    }],
    "uvs": [[0.387701,0.275168,0.650281,0.275167,0.650281,0.300175,0.387701,0.300175,0.687323,0.362694,0.687323,0.337686,0.999918,0.337686,0.999918,0.362694,0.649811,8.2e-05,0.687323,8.2e-05,0.687323,0.02509,0.649811,0.02509,0.312678,0.337687,0.312678,0.362694,8.2e-05,0.362694,8.2e-05,0.337687,0.312678,8.4e-05,0.387701,8.4e-05,0.387701,0.025091,0.312678,0.025091,0.625274,0.300218,0.624803,0.025133,0.687323,0.67529,0.649812,0.67529,0.650281,0.400205,0.387701,0.400206,0.387701,0.67529,0.312678,0.67529,0.412709,0.300175,0.412708,0.025091]],
    "normals": [-0.577349,-0.577349,-0.577349,-0.577258,-0.576891,0.577868,0.577258,-0.576891,0.577868,0.577349,-0.577349,-0.577349,-0.577349,0.577349,-0.577349,0.577349,0.577349,-0.577349,0.577349,0.577349,0.577349,-0.577349,0.577349,0.577349,-0.577349,-0.577349,0.577349,0.577349,-0.577349,0.577349]
}