{
    "uvs": [[0.999901,0.000101,0.999901,0.021883,0.727627,0.021883,0.727627,0.000101,9.9e-05,0.588612,9.9e-05,0.56683,0.455338,0.566829,0.455338,0.588612,9.9e-05,0.56663,9.9e-05,0.294356,0.455343,0.294356,0.455343,0.56663,0.727627,0.294157,0.272385,0.294157,0.272385,0.021883,9.9e-05,9.9e-05,0.272385,0.0001,9.9e-05,0.021882]],
    "materials": [{
        "depthWrite": true,
        "DbgName": "Wall",
        "colorEmissive": [0,0,0],
        "colorAmbient": [0.8,0.8,0.8],
        "mapDiffuseWrap": ["RepeatWrapping","RepeatWrapping"],
        "mapDiffuseAnisotropy": 1,
        "DbgColor": 15658734,
        "shading": "lambert",
        "opacity": 1,
        "transparent": false,
        "colorDiffuse": [0.8,0.8,0.8],
        "DbgIndex": 0,
        "wireframe": false,
        "depthTest": true,
        "mapDiffuse": "wandNeu.png",
        "mapDiffuseRepeat": [3,2],
        "blending": "NormalBlending",
        "visible": true
    }],
    "faces": [43,2,0,3,5,0,2,3,0,1,0,1,2,3,43,4,7,5,3,0,4,5,6,7,4,5,3,2,43,3,0,1,4,0,10,11,8,9,2,1,6,4,43,5,7,6,2,0,12,13,14,2,3,5,7,0,43,4,1,6,7,0,15,16,14,17,4,6,7,5,43,1,0,2,6,0,16,3,2,14,6,1,0,7],
    "metadata": {
        "generator": "io_three",
        "faces": 6,
        "vertices": 8,
        "uvs": 1,
        "materials": 1,
        "type": "Geometry",
        "version": 3,
        "normals": 8
    },
    "vertices": [4.4,-0,-3.4028,0.22,-0,-3.4028,4.4,-0,-3.2028,4.4,2.5,-3.4028,0.22,2.5,-3.4028,4.4,2.5,-3.2028,0.22,-0,-3.2028,0.22,2.5,-3.2028],
    "name": "Plane.001Geometry.5",
    "normals": [0.577349,-0.577349,0.577349,0.577349,-0.577349,-0.577349,0.577349,0.577349,-0.577349,0.577349,0.577349,0.577349,-0.577349,0.577349,-0.577349,-0.577349,0.577349,0.577349,-0.577349,-0.577349,-0.577349,-0.577349,-0.577349,0.577349]
}