{
    "name": "Plane.004Geometry.1",
    "faces": [43,3,1,4,6,0,0,1,2,3,0,1,2,3,43,4,5,7,6,0,2,4,5,3,2,4,5,3,43,0,1,3,2,0,7,6,0,6,6,1,0,7,43,0,2,7,5,0,7,8,5,4,6,7,5,4,43,2,3,6,7,0,8,0,3,5,7,0,3,5,43,1,0,5,4,0,1,7,4,2,1,6,4,2],
    "metadata": {
        "generator": "io_three",
        "faces": 6,
        "vertices": 8,
        "uvs": 1,
        "type": "Geometry",
        "normals": 8,
        "version": 3,
        "materials": 1
    },
    "vertices": [4.2,2.5,-0.790335,4.2,2.5,-0.190335,4.4,2.5,-0.790335,4.4,2.5,-0.190335,4.2,-0,-0.190335,4.2,-0,-0.790335,4.4,-0,-0.190335,4.4,-0,-0.790335],
    "materials": [{
        "opacity": 1,
        "transparent": false,
        "colorDiffuse": [0,0,0],
        "wireframe": false,
        "shading": "lambert",
        "colorEmissive": [0,0,0],
        "visible": true,
        "DbgColor": 15658734,
        "colorAmbient": [0,0,0],
        "DbgIndex": 0,
        "depthWrite": true,
        "DbgName": "Material.001",
        "blending": "NormalBlending",
        "depthTest": true
    }],
    "uvs": [[0.324334,0.053567,0.325183,0.036276,0.019136,0.022597,2.4e-05,0.032,0.023407,0.058376,0.019152,2.4e-05,0,0,0.371325,0.058376,0.372401,0.029416]],
    "normals": [0.577349,0.577349,0.577349,-0.577349,0.577349,0.577349,-0.577349,-0.577349,0.577349,0.577349,-0.577349,0.577349,-0.577349,-0.577349,-0.577349,0.577349,-0.577349,-0.577349,-0.577349,0.577349,-0.577349,0.577349,0.577349,-0.577349]
}