{
    "name": "Plane.004Geometry.3",
    "faces": [43,7,3,2,6,0,0,1,2,1,0,1,2,3,43,3,7,11,9,0,0,3,4,5,1,0,4,5,43,8,9,11,10,0,6,7,8,9,6,5,4,7,43,5,1,12,14,0,10,11,12,13,8,9,10,11,43,12,13,15,14,0,14,15,16,17,10,5,4,11,43,4,0,1,5,0,18,1,10,1,0,1,9,8,43,6,2,8,10,0,2,19,20,9,3,2,6,7,43,4,5,14,15,0,21,1,13,16,0,8,11,4,43,0,4,15,13,0,18,21,16,22,1,0,4,5,43,11,7,6,10,1,8,3,1,9,4,0,3,7,43,2,3,9,8,1,19,1,5,6,2,1,5,6,43,1,0,13,12,1,11,1,22,14,9,1,5,10],
    "metadata": {
        "generator": "io_three",
        "faces": 12,
        "vertices": 16,
        "uvs": 1,
        "type": "Geometry",
        "normals": 12,
        "version": 3,
        "materials": 2
    },
    "vertices": [4.2,2.5,-0.790335,4.2,2.5,-0.190335,4.2,2.5,-2.89034,4.2,2.5,-3.18657,4.4,2.5,-0.790335,4.4,2.5,-0.190335,4.4,2.5,-2.89034,4.4,2.5,-3.18657,4.2,-0,-2.88657,4.2,-0,-3.18657,4.4,-0,-2.88657,4.4,-0,-3.18657,4.2,-0,-0.190335,4.2,-0,-0.790335,4.4,-0,-0.190335,4.4,-0,-0.790335],
    "materials": [{
        "opacity": 1,
        "transparent": false,
        "colorDiffuse": [0.64,0.64,0.64],
        "wireframe": false,
        "mapDiffuseRepeat": [3,3],
        "shading": "lambert",
        "mapDiffuseAnisotropy": 1,
        "colorEmissive": [0,0,0],
        "visible": true,
        "DbgColor": 15658496,
        "colorAmbient": [0.64,0.64,0.64],
        "DbgIndex": 4,
        "mapDiffuseWrap": ["RepeatWrapping","RepeatWrapping"],
        "depthWrite": true,
        "DbgName": "doorframe",
        "mapDiffuse": "wandNeu.png",
        "blending": "NormalBlending",
        "depthTest": true
    },{
        "opacity": 1,
        "transparent": false,
        "colorDiffuse": [0.8,0.8,0.8],
        "wireframe": false,
        "mapDiffuseRepeat": [3,2],
        "shading": "lambert",
        "mapDiffuseAnisotropy": 1,
        "colorEmissive": [0,0,0],
        "visible": true,
        "DbgColor": 15658734,
        "colorAmbient": [0.8,0.8,0.8],
        "DbgIndex": 0,
        "mapDiffuseWrap": ["RepeatWrapping","RepeatWrapping"],
        "depthWrite": true,
        "DbgName": "Wall",
        "mapDiffuse": "wandNeu.png",
        "blending": "NormalBlending",
        "depthTest": true
    }],
    "uvs": [[0.687323,0.362694,0,0,0.650281,0.300175,0.687323,0.337686,0.999918,0.337686,0.999918,0.362694,0.649811,8.2e-05,0.687323,8.2e-05,0.687323,0.02509,0.649811,0.02509,0.312678,0.337687,0.312678,0.362694,8.2e-05,0.362694,8.2e-05,0.337687,0.312678,8.4e-05,0.387701,8.4e-05,0.387701,0.025091,0.312678,0.025091,0.412709,0.300175,0.625274,0.300218,0.624803,0.025133,0.387701,0.300175,0.412708,0.025091]],
    "normals": [0.577349,0.577349,-0.577349,-0.577349,0.577349,-0.577349,-0.57741,0.577715,0.576861,0.57741,0.577715,0.576861,0.577349,-0.577349,-0.577349,-0.577349,-0.577349,-0.577349,-0.577258,-0.576952,0.577807,0.577258,-0.576952,0.577807,0.577349,0.577349,0.577349,-0.577349,0.577349,0.577349,-0.577349,-0.577349,0.577349,0.577349,-0.577349,0.577349]
}