{
    "normals": [0.577349,-0.577349,0.577349,0.577349,-0.577349,-0.577349,0.577349,0.577349,-0.577349,0.577349,0.577349,0.577349,-0.577349,0.577349,-0.577349,-0.577349,0.577349,0.577349,-0.577349,-0.577349,-0.577349,-0.577349,-0.577349,0.577349],
    "metadata": {
        "normals": 8,
        "generator": "io_three",
        "version": 3,
        "colors": 0,
        "materials": 1,
        "uvs": 1,
        "type": "Geometry",
        "vertices": 8,
        "faces": 6
    },
    "vertices": [4.41053,-0,-3.4,0.210526,-0,-3.4,4.41053,-0,-3.2,4.41053,2.5,-3.4,0.210526,2.5,-3.4,4.41053,2.5,-3.2,0.210526,-0,-3.2,0.210526,2.5,-3.2],
    "materials": [{
        "mapDiffuse": "wandNeu.png",
        "DbgName": "Wall",
        "DbgColor": 15658734,
        "shading": "lambert",
        "mapDiffuseRepeat": [3,2],
        "blending": "NormalBlending",
        "DbgIndex": 0,
        "transparent": false,
        "mapDiffuseWrap": ["RepeatWrapping","RepeatWrapping"],
        "mapDiffuseAnisotropy": 1,
        "depthTest": true,
        "colorEmissive": [0,0,0],
        "visible": true,
        "colorDiffuse": [0.8,0.8,0.8],
        "opacity": 1,
        "depthWrite": true,
        "vertexColors": false,
        "wireframe": false
    }],
    "faces": [43,2,0,3,5,0,2,3,0,1,0,1,2,3,43,4,7,5,3,0,4,5,6,7,4,5,3,2,43,3,0,1,4,0,7,3,8,4,2,1,6,4,43,5,7,6,2,0,9,10,11,2,3,5,7,0,43,4,1,6,7,0,12,8,11,13,4,6,7,5,43,1,0,2,6,0,8,3,2,11,6,1,0,7],
    "uvs": [[0.999923,0.294146,0.999923,0.315929,0.727637,0.31593,0.727637,0.294147,0.272375,0.021861,0.272375,7.8e-05,0.727637,7.7e-05,0.727637,0.021861,0.272375,0.294147,0.727638,0.588216,0.272375,0.588217,0.272375,0.315931,7.7e-05,0.294147,7.7e-05,0.315931]],
    "name": "Plane.001Geometry",
    "colors": []
}