{
    "uvs": [[0.734007,0.02135,0.734007,0.287268,0.265993,0.287267,0.265993,0.02135,0.734007,7.7e-05,0.999924,7.7e-05,0.999924,0.021351,0.734007,0.308541,0.599584,0.308517,0.530797,0.30864,0.265914,0.308278,7.6e-05,0.021349,7.6e-05,7.6e-05,0.265993,7.6e-05,0.599371,0.346997,0.531699,0.347064,0.732839,0.577687,0.262511,0.573621,0.531267,0.385251,0.599174,0.385478]],
    "materials": [{
        "depthWrite": true,
        "DbgName": "Wall",
        "colorEmissive": [0,0,0],
        "colorAmbient": [0.8,0.8,0.8],
        "mapDiffuseWrap": ["RepeatWrapping","RepeatWrapping"],
        "mapDiffuseAnisotropy": 1,
        "DbgColor": 15658734,
        "shading": "lambert",
        "opacity": 1,
        "transparent": false,
        "colorDiffuse": [0.8,0.8,0.8],
        "DbgIndex": 0,
        "wireframe": false,
        "depthTest": true,
        "mapDiffuse": "wandNeu.png",
        "mapDiffuseRepeat": [3,2],
        "blending": "NormalBlending",
        "visible": true
    }],
    "faces": [43,2,0,1,3,0,2,3,0,1,0,1,2,3,43,4,5,3,1,0,4,5,6,0,4,5,3,2,42,2,3,5,0,2,1,7,0,3,5,42,5,9,8,0,7,8,9,5,6,6,42,8,6,2,0,9,10,2,6,7,0,42,5,8,2,0,7,9,2,5,6,0,43,7,0,2,6,0,13,3,11,12,8,1,0,7,43,0,7,4,1,0,3,13,4,0,1,8,4,2,43,9,13,12,8,0,8,14,15,9,6,9,9,6,42,9,5,4,0,8,7,16,6,5,4,42,4,7,6,0,16,17,10,4,8,7,42,6,8,12,0,10,9,15,7,6,9,42,13,9,4,0,14,8,16,9,6,4,42,6,12,10,0,10,15,18,7,9,9,42,11,13,4,0,19,14,16,10,9,4,42,4,6,10,0,16,10,18,4,7,9,42,4,10,11,0,16,18,19,4,9,10],
    "metadata": {
        "generator": "io_three",
        "faces": 17,
        "vertices": 14,
        "uvs": 1,
        "materials": 1,
        "type": "Geometry",
        "version": 3,
        "normals": 11
    },
    "vertices": [0,-0,-0.002797,4.4,-0,-0.002797,0,2.5,-0.002797,4.4,2.5,-0.002797,4.4,-0,-0.202797,4.4,2.5,-0.202797,0,2.5,-0.202797,0,-0,-0.202797,2.51429,2.5,-0.202797,3.14286,2.5,-0.202797,2.51429,1.78571,-0.202797,3.14286,1.78571,-0.202797,2.51429,2.14286,-0.202797,3.14286,2.14286,-0.202797],
    "name": "Plane.005Geometry.1",
    "normals": [-0.577349,0.577349,0.577349,-0.577349,-0.577349,0.577349,0.577349,-0.577349,0.577349,0.577349,0.577349,0.577349,0.577349,-0.577349,-0.577349,0.577349,0.577349,-0.577349,0,0.707083,-0.707083,-0.577349,0.577349,-0.577349,-0.577349,-0.577349,-0.577349,0,0,-1,0,0,-0.999969]
}