{
    "name": "PlaneGeometry",
    "faces": [34,16,0,2,0,0,1,2,34,2,3,1,0,2,3,4,34,2,1,16,0,2,4,0,35,3,2,6,7,0,3,2,5,6,34,18,1,3,0,7,4,3,34,3,7,5,0,3,6,8,34,3,5,18,0,3,8,7,34,6,2,0,0,5,2,1,34,0,19,4,0,1,9,10,34,0,4,6,0,1,10,5,34,10,8,21,0,11,12,13,34,21,9,11,0,13,14,15,34,21,11,10,0,13,15,11,35,11,15,14,10,0,15,16,17,11,34,11,9,23,0,15,14,18,34,23,13,15,0,18,19,16,34,23,15,11,0,18,16,15,34,8,10,14,0,12,11,17,34,14,12,24,0,17,20,21,34,14,24,8,0,17,21,12,35,19,20,17,4,0,9,22,23,10,35,0,16,20,19,0,1,0,22,9,35,16,21,25,20,0,0,13,24,22,35,8,24,25,21,0,12,21,24,13,35,24,12,22,25,0,21,20,25,24,35,4,12,22,17,0,10,20,25,23,35,13,5,7,15,0,19,8,6,16,35,18,23,9,1,0,7,18,14,4,35,17,22,21,16,0,23,25,13,0,35,21,16,1,9,0,13,0,4,14,35,5,13,22,17,0,8,19,25,23,35,20,18,5,17,0,22,7,8,23,35,23,25,22,13,0,18,24,25,19,35,18,20,25,23,0,7,22,24,18],
    "uvs": [],
    "metadata": {
        "version": 3,
        "faces": 34,
        "normals": 26,
        "colors": 0,
        "vertices": 26,
        "uvs": 0,
        "generator": "io_three",
        "type": "Geometry",
        "materials": 1
    },
    "normals": [0,-0.606098,0.795373,-0.577349,-0.577349,0.577349,-0.577349,-0.577349,-0.577349,0.577349,-0.577349,-0.577349,0.427442,-0.495956,0.755821,-0.707083,0,-0.707083,0.562456,0.356395,-0.746055,0.587909,-0.227363,0.776269,0.526597,0.667348,0.526597,-0.707053,0,0.707144,-0.599628,-0.286447,0.747215,0.577349,0.577349,0.577349,0.577349,0.577349,-0.577349,0,0.982849,-0.184393,-0.559069,0.689749,0.460036,-0.577349,0.577349,0.577349,-0.71337,0.555467,0.427198,0.707083,0,0.707083,-0.870785,-0.482498,-0.094211,-0.475356,0.740287,-0.475356,0.597644,-0.777062,-0.197302,0.707083,0,-0.707083,0.301492,-0.301492,0.904508,-0.329142,0,0.944273,0.301492,-0.301492,-0.904508,-0.545824,0,-0.837886],
    "vertices": [-13.956,1e-06,13.956,13.956,1e-06,13.956,-13.956,-1e-06,-13.956,13.956,-1e-06,-13.956,-13.956,11.9889,13.956,13.956,11.9889,13.956,-13.956,11.9889,-13.956,13.956,11.9889,-13.956,-13.1153,0.433119,13.1153,13.1153,0.433119,13.1153,-13.1153,0.433117,-13.1153,13.1153,0.433117,-13.1153,-13.1153,11.5558,13.1153,13.1153,11.5558,13.1153,-13.1153,11.5558,-13.1153,13.1153,11.5558,-13.1153,0,1e-06,13.956,0,11.9889,13.956,13.956,8.78286,13.956,-13.956,7.18981,13.956,0,8.78286,13.956,0,0.433119,13.1153,0,11.5558,13.1153,13.1153,8.78286,13.1153,-13.1153,7.18981,13.1153,0,8.78286,13.1153],
    "colors": [],
    "materials": [{
        "transparent": false,
        "depthWrite": true,
        "mapDiffuseRepeat": [1,1],
        "vertexColors": false,
        "colorAmbient": [0.64,0.64,0.64],
        "mapDiffuseAnisotropy": 1,
        "opacity": 1,
        "wireframe": false,
        "blending": "NormalBlending",
        "mapDiffuse": "fliesenboden.png",
        "shading": "lambert",
        "colorEmissive": [0,0,0],
        "depthTest": true,
        "DbgName": "Material.004",
        "DbgIndex": 0,
        "DbgColor": 15658734,
        "mapDiffuseWrap": ["RepeatWrapping","RepeatWrapping"],
        "visible": true
    }]
}