{
    "materials": [{
        "shading": "lambert",
        "mapDiffuseAnisotropy": 1,
        "mapDiffuse": "wood.jpg",
        "DbgColor": 15658734,
        "visible": true,
        "DbgName": "Material",
        "transparent": false,
        "colorDiffuse": [1,1,1],
        "DbgIndex": 0,
        "blending": "NormalBlending",
        "opacity": 1,
        "depthTest": true,
        "colorEmissive": [0,0,0],
        "mapDiffuseRepeat": [1,1],
        "depthWrite": true,
        "colorAmbient": [1,1,1],
        "mapDiffuseWrap": ["RepeatWrapping","RepeatWrapping"],
        "wireframe": false
    }],
    "normals": [0.58449,-0.544633,0.601398,0.255867,0.336009,0.9064,0.646046,0.762444,-0.03534,0.763268,-0.645375,0.029908,0.587786,-0.535539,0.606372,0.50557,0.620869,0.599048,-0.716086,-0.060549,0.695334,-0.716086,-0.060549,0.695364,-0.570055,-0.591815,0.569842,-0.527268,-0.603046,0.59859,0.032014,-0.690878,0.722251,0.527512,0.649281,0.547868,0.623188,-0.500198,0.601154,-0.520798,-0.616535,-0.590442,0.626392,-0.561449,-0.540666,-0.644276,0.524461,0.556597,-0.086489,0.717978,0.690634,-0.660115,0.507645,0.553636,-0.994568,-0.103702,0.004791,-0.816858,0.576189,-0.026673,-0.695639,-0.717582,0.033265,0.547746,0.626148,-0.554857,-0.623188,0.553667,0.552293,-0.527512,-0.595782,0.605579,-0.6021,0.52974,-0.597308,-0.082858,0.995483,-0.046144,-0.776696,0.62917,-0.029145,-0.809503,0.586444,-0.027161,-0.763268,0.645375,-0.029908,0.082858,-0.995483,0.046144,-0.996551,-0.082766,0.003815,-0.646016,-0.762474,0.03534,0.082949,-0.995483,0.046144,-0.672201,-0.722953,-0.15949,-0.994568,-0.103793,-0.001953,-0.629841,-0.775842,0.035981,-0.615345,-0.775201,-0.142766,0.729942,-0.680868,0.059633,0.645039,0.763665,0.027039,-0.763268,0.645589,-0.024934,-0.658986,-0.752098,0.006348,-0.577349,-0.588672,-0.565783,-0.577349,-0.565783,0.588672,-0.577349,0.588672,0.565783,-0.577349,0.565783,-0.588672,0.577349,-0.588672,-0.565783,0.577349,0.565783,-0.588672,0.577349,-0.565783,0.588672,0.577349,0.588672,0.565783,-0.577319,-0.588672,-0.565783,0.577319,0.588672,0.565783,-0.577319,-0.565783,0.588672],
    "vertices": [-0.179631,2.2948,-0.958513,-0.179631,2.25913,-1.72799,-0.135979,1.73363,-1.7288,-0.135979,1.7693,-0.95932,-0.050236,2.37025,-0.953439,-0.040893,1.78877,-0.955757,-0.080964,2.27115,-0.955015,-0.083606,2.30295,-0.954966,-0.170656,2.29556,-0.958181,-0.173245,2.29534,-0.958277,-0.176266,2.29508,-0.958388,-0.177699,2.29496,-0.958441,-0.178156,2.29492,-0.958458,-0.120324,1.41042,-0.960389,-0.200616,2.36743,-0.958948,-0.14821,2.2798,-1.3385,-0.17564,2.25947,-1.72785,-0.179631,2.25651,-1.78451,-0.135979,1.73218,-1.7602,-0.082455,1.7566,-1.32947,-0.130332,1.76978,-0.959112,-0.132059,1.73397,-1.72866,-0.055645,2.37612,-0.820261,-0.206025,2.3733,-0.82577,0.029241,1.42296,-0.954867,-0.128933,1.7699,-0.95906,-0.125263,1.77022,-0.958925,-0.118959,1.77075,-0.958692,-0.039954,1.77746,-0.955774,-0.059523,2.00745,-1.07603,-0.044028,1.82031,-1.08919,-0.083606,2.29829,-1.05559,-0.103298,2.29475,-1.09664,-0.106859,2.29411,-1.10407,-0.114396,2.29232,-1.12918,-0.132245,2.28807,-1.18865,-0.133384,2.28763,-1.19609,-0.145191,2.28308,-1.27314,-0.146233,2.28268,-1.27994,-0.147061,2.28084,-1.31803,-0.12519,1.40981,-0.827222,-0.1476,2.27965,-1.34283,-0.148287,2.27813,-1.3744,-0.142616,2.27612,-1.42793,-0.173742,2.25963,-1.72778,-0.083606,2.26448,-1.78488,-0.039954,1.74016,-1.76057,-0.130676,1.73409,-1.72861,-0.077569,1.75317,-1.41222,-0.082531,1.75493,-1.36538,-0.081845,1.75645,-1.33381,-0.081306,1.75765,-1.309,-0.080477,1.75948,-1.27091,-0.079551,1.75984,-1.26487,0.024375,1.42235,-0.821699,-0.068178,1.76423,-1.19065,-0.066489,1.76488,-1.17963,-0.051585,1.76842,-1.12997,-0.041104,1.77091,-1.09504,-0.039954,1.77112,-1.09264,-0.138326,2.2746,-1.46842,-0.128771,2.27355,-1.50824,-0.169156,2.26002,-1.72761,-0.084634,2.2672,-1.72449,-0.16056,2.26075,-1.72729,-0.04479,1.80001,-1.72517,-0.08159,2.24301,-1.72449,-0.125398,1.73453,-1.72841,-0.039954,1.74179,-1.72526,-0.127608,1.73435,-1.72849,-0.06495,1.75056,-1.49115,-0.072571,1.7514,-1.4594,-0.116735,2.27222,-1.55839,-0.109986,2.27199,-1.57557,-0.086136,2.27116,-1.63627,-0.083606,2.26728,-1.72445,-0.060727,1.99725,-1.60849,-0.078611,2.21128,-1.63524,-0.039954,1.74865,-1.57743,-0.05098,1.74903,-1.54936,-0.057189,1.74971,-1.52349,-0.084343,2.2711,-1.64084,-0.083606,2.2711,-1.6421,-0.082151,2.25366,-1.64054,-0.19915,2.33303,-1.72837,-0.121562,1.40825,-1.72976,-0.116989,1.40882,-1.85492,-0.194066,2.32751,-1.85353,-0.064983,2.33554,-1.72346,0.011877,1.41944,-1.72484,0.01645,1.42001,-1.84999,-0.0599,2.33003,-1.84862,-0.009176,1.33967,-1.73492,-0.009176,1.3375,-1.84401,-0.009176,0.480102,-1.82701,-0.009176,0.482266,-1.71791,-0.138113,1.33967,-1.73492,-0.138113,0.482266,-1.71791,-0.138113,1.3375,-1.84401,-0.138113,0.480102,-1.82701,-0.006005,1.35702,-0.827208,-0.006005,1.35485,-0.936303,-0.006005,0.49745,-0.9193,-0.006005,0.499614,-0.810205,-0.134942,1.35702,-0.827208,-0.134942,0.499613,-0.810205,-0.134942,1.35485,-0.936303,-0.134942,0.497449,-0.9193,0.899049,1.35692,-0.825441,0.899049,1.35476,-0.934536,0.899049,0.497354,-0.917533,0.899049,0.499517,-0.808438,0.770112,1.35692,-0.825442,0.770112,0.499517,-0.808439,0.770112,1.35476,-0.934536,0.770112,0.497354,-0.917534,0.901201,1.33919,-1.73164,0.901201,1.33703,-1.84073,0.901201,0.479629,-1.82373,0.901201,0.481792,-1.71464,0.772264,1.33919,-1.73164,0.772264,0.481792,-1.71464,0.772264,1.33703,-1.84074,0.772264,0.479629,-1.82373,0.940261,1.35871,-0.789887,0.940261,1.33722,-1.87383,-0.173484,1.33721,-1.87384,-0.173484,1.35871,-0.78989,0.940261,1.43989,-0.791497,-0.173484,1.43989,-0.7915,0.94026,1.41839,-1.87544,-0.173484,1.41839,-1.87545],
    "metadata": {
        "materials": 1,
        "vertices": 132,
        "version": 3,
        "type": "Geometry",
        "uvs": 1,
        "faces": 190,
        "normals": 52,
        "generator": "io_three"
    },