{
    "colors": [],
    "uvs": [[0.321256,0.509936,0.321256,0.590225,0.0001,0.590225,0.0001,0.509936,0.0001,0.931654,0.321256,0.931654,0.321256,0.951726,0.0001,0.951726,0.642413,0.509936,0.642413,0.489864,0.690586,0.489864,0.690586,0.610297,0.642413,0.610297,0.642413,0.590225,0.321256,0.610498,0.0001,0.610498,0.321257,0.18878,0.0001,0.18878,0.321256,0.999899,0.0001,0.9999,0.0001,0.168707,0.321257,0.168707,0.321257,0.120534,0.0001,0.120534,0.000101,0.0001,0.321257,0.0001]],
    "materials": [{
        "blending": "NormalBlending",
        "colorDiffuse": [0.64,0.64,0.64],
        "mapDiffuseWrap": ["RepeatWrapping","RepeatWrapping"],
        "opacity": 1,
        "mapDiffuse": "wand.jpg",
        "DbgColor": 15658734,
        "transparent": false,
        "mapDiffuseAnisotropy": 1,
        "depthTest": true,
        "doubleSided": true,
        "DbgName": "Material",
        "mapDiffuseRepeat": [3,3],
        "visible": true,
        "DbgIndex": 0,
        "wireframe": false,
        "shading": "lambert",
        "colorEmissive": [0,0,0],
        "vertexColors": false,
        "depthWrite": true
    }],
    "normals": [0.577349,-0.577349,-0.577349,0.577349,-0.577349,0.577349,0,-0.707083,0.707083,0,-0.707083,-0.707083,0.577349,0.577349,-0.577349,0.577349,0.577349,0.577349,0,0.707083,0.707083,0,0.707083,-0.707083,-0.577349,-0.577349,-0.577349,-0.577349,-0.577349,0.577349,-0.577349,0.577349,0.577349,-0.577349,0.577349,-0.577349],
    "faces": [43,0,1,10,11,0,0,1,2,3,0,1,2,3,43,14,3,5,19,0,4,5,6,7,2,1,1,2,42,3,1,0,0,13,1,0,1,1,0,42,2,4,6,0,8,9,10,0,0,4,42,3,0,2,0,13,0,8,1,0,0,42,7,5,3,0,11,12,13,5,1,1,42,2,6,7,0,8,10,11,0,4,5,42,2,7,3,0,8,11,13,0,5,1,43,1,3,14,10,0,14,5,4,15,1,1,2,2,43,2,0,11,15,0,16,0,3,17,0,0,3,3,43,19,5,7,23,0,7,6,18,19,2,1,5,6,43,2,15,18,4,0,16,17,20,21,0,3,3,0,43,6,22,23,7,0,22,23,24,25,4,7,6,5,43,4,18,22,6,0,21,20,23,22,0,3,7,4,43,8,11,10,9,0,0,3,2,1,8,3,2,9,43,14,19,17,13,0,4,7,6,5,2,2,9,9,42,8,9,13,0,0,1,13,8,9,9,42,13,17,21,0,13,12,11,9,9,10,42,21,20,16,0,11,10,9,10,11,8,42,12,8,13,0,8,0,13,8,8,9,42,21,16,12,0,11,9,8,10,8,8,42,13,21,12,0,13,11,8,9,10,8,43,9,10,14,13,0,14,15,4,5,9,2,2,9,43,12,15,11,8,0,16,17,3,0,8,3,3,8,43,19,23,21,17,0,7,19,18,6,2,6,10,9,43,12,16,18,15,0,16,21,20,17,8,8,3,3,43,20,21,23,22,0,22,25,24,23,11,10,6,7,43,16,20,22,18,0,21,22,23,20,8,11,7,3],
    "metadata": {
        "materials": 1,
        "normals": 12,
        "faces": 28,
        "vertices": 24,
        "colors": 0,
        "uvs": 1,
        "type": "Geometry",
        "generator": "io_three",
        "version": 3
    },
    "vertices": [2,-1,-0.25,2,-1,0.25,2,1,-0.25,2,1,0.25,2,1,-0.375,2,1,0.375,2,1.3,-0.375,2,1.3,0.375,-2,-1,-0.25,-2,-1,0.25,0,-1,0.25,0,-1,-0.25,-2,1,-0.25,-2,1,0.25,0,1,0.25,0,1,-0.25,-2,1,-0.375,-2,1,0.375,0,1,-0.375,0,1,0.375,-2,1.3,-0.375,-2,1.3,0.375,0,1.3,-0.375,0,1.3,0.375],
    "name": "CubeGeometry"
}