{
    "vertices": [-0.05,-0,-1,-0.05,2,-1,-0.05,-0,-2,-0.05,2,-2,0.05,-0,-1,0.05,2,-1,0.05,-0,-2,0.05,2,-2,-0,3,-0,0,0,0,-0,3,-3,0,-0,-3],
    "metadata": {
        "vertices": 12,
        "type": "Geometry",
        "faces": 7,
        "uvs": 1,
        "materials": 2,
        "version": 3,
        "generator": "io_three",
        "colors": 0,
        "normals": 9
    },
    "name": "Cube.001Geometry.2",
    "normals": [-0.577349,-0.577349,-0.577349,-0.577349,-0.577349,0.577349,-0.577349,0.577349,0.577349,-0.577349,0.577349,-0.577349,0.577349,0.577349,-0.577349,0.577349,-0.577349,-0.577349,0.577349,0.577349,0.577349,0.577349,-0.577349,0.577349,-1,0,0],
    "colors": [],
    "uvs": [[0.004631,0.971251,0.004631,0.047142,0.944309,0.047143,0.944309,0.971251,0.124158,0.666467,0.124158,0.333533,0.209175,0.333533,0.209175,0.666467,0.323354,0.981571,0.24175,0.981571,0.24175,0.648637,0.323354,0.648637,0.212818,0.333134,0.130932,0.333134,0.130932,0.0002,0.212818,0.0002,0.123604,0.9998,0.123604,0.666866,0.20973,0.666866,0.20973,0.9998,0.992019,0.069272,0.992019,0.979008,0.659085,0.979008,0.659085,0.069272,0.0001,0.9999,0.9999,0.9999,0.9999,0.0001,0.0001,0.0001]],
    "faces": [43,2,0,1,3,0,2,3,0,1,0,1,2,3,43,3,7,6,2,0,4,5,6,7,3,4,5,0,43,7,5,4,6,0,8,9,10,11,4,6,7,5,43,0,4,5,1,0,14,15,12,13,1,7,6,2,43,0,2,6,4,0,16,17,18,19,1,0,5,7,43,5,7,3,1,0,20,21,22,23,6,4,3,2,43,8,10,11,9,1,24,25,26,27,8,8,8,8],
    "materials": [{
        "opacity": 1,
        "visible": true,
        "colorSpecular": [0.117647,0.117647,0.117647],
        "depthTest": true,
        "transparent": false,
        "mapDiffuseAnisotropy": 1,
        "specularCoef": 50,
        "blending": "NormalBlending",
        "wireframe": false,
        "DbgIndex": 0,
        "colorDiffuse": [0.161521,0.161521,0.161521],
        "colorEmissive": [0,0,0],
        "depthWrite": true,
        "vertexColors": false,
        "shading": "phong",
        "mapDiffuse": "door.jpg",
        "mapDiffuseRepeat": [1,1],
        "DbgColor": 15658734,
        "mapDiffuseWrap": ["RepeatWrapping","RepeatWrapping"],
        "DbgName": "Material.002"
    },{
        "opacity": 1,
        "visible": true,
        "depthTest": true,
        "transparent": false,
        "mapDiffuseAnisotropy": 1,
        "blending": "NormalBlending",
        "wireframe": false,
        "DbgIndex": 1,
        "colorDiffuse": [0.166333,0.13767,0.129541],
        "colorEmissive": [0,0,0],
        "depthWrite": true,
        "vertexColors": false,
        "shading": "lambert",
        "mapDiffuse": "wall.png",
        "mapDiffuseRepeat": [1,1],
        "DbgColor": 15597568,
        "mapDiffuseWrap": ["RepeatWrapping","RepeatWrapping"],
        "DbgName": "Material.001"
    }]
}