{
    "faces": [42,14,31,33,0,10,0,1,0,1,2,42,37,38,39,0,2,3,4,3,3,3,42,14,33,37,0,10,1,2,0,2,3,42,19,15,14,0,8,9,10,3,4,0,42,32,21,20,0,5,6,7,3,3,3,42,20,19,14,0,7,8,10,3,3,0,42,14,37,39,0,10,2,4,0,3,3,42,32,20,14,0,5,7,10,3,3,0,42,39,32,14,0,4,5,10,3,3,0,43,12,9,20,23,0,11,12,13,14,5,3,3,5,43,10,21,24,13,0,15,16,17,18,3,3,5,5,43,37,45,44,28,0,19,20,21,22,3,5,5,3,43,4,0,1,2,0,23,24,25,26,6,7,8,9,43,27,34,33,26,0,27,28,29,30,10,11,2,2,43,25,32,35,36,0,31,32,33,34,3,3,5,5,43,30,39,41,40,0,35,36,37,38,3,3,5,5,43,47,34,52,50,0,39,40,41,42,12,11,13,14,43,6,3,15,17,0,43,44,45,46,15,4,4,16,43,8,19,22,11,0,47,48,49,50,3,3,5,5,43,38,43,42,29,0,51,52,53,54,3,5,5,3,43,14,15,3,1,0,55,56,57,58,0,4,4,8,43,14,5,16,31,0,59,60,61,62,0,17,18,1,42,2,1,3,0,73,63,64,9,8,4,42,9,10,25,0,66,67,68,3,3,3,42,2,3,8,0,73,64,65,9,4,3,42,8,9,25,0,65,66,68,3,3,3,42,25,30,29,0,68,69,70,3,3,3,42,28,26,2,0,71,72,73,3,2,9,42,25,29,28,0,68,70,71,3,3,3,42,2,8,25,0,73,65,68,9,3,3,42,25,28,2,0,68,71,73,3,3,9,43,7,3,15,18,0,74,75,76,77,5,4,4,5,43,0,5,14,1,0,24,60,59,25,7,17,0,8,43,4,2,31,16,0,23,26,78,79,6,9,1,18,42,4,16,34,0,23,79,80,6,18,11,42,6,0,4,0,82,83,23,15,7,6,42,4,34,27,0,23,80,81,6,11,10,42,4,27,6,0,23,81,82,6,10,15,42,5,0,6,0,87,83,82,17,7,15,42,17,34,16,0,84,85,86,16,11,18,42,5,6,17,0,87,82,84,17,15,16,42,17,16,5,0,84,86,87,16,18,17,43,2,26,33,31,0,26,30,29,78,9,2,2,1,43,27,34,47,46,0,88,89,90,91,10,11,12,19,43,6,27,53,55,0,92,93,94,95,15,10,20,21,43,6,17,56,55,0,92,96,97,95,15,16,22,21,43,34,17,56,52,0,40,98,99,41,11,16,22,13,43,53,55,51,49,0,94,95,100,101,20,21,23,24,43,50,49,51,54,0,102,103,104,105,14,24,23,25,43,56,54,51,55,0,106,107,100,95,22,25,23,21,43,52,50,54,56,0,108,109,110,111,13,14,25,22,43,27,46,49,53,0,93,112,113,94,10,19,24,20,43,46,47,50,49,0,114,115,116,117,19,12,14,24,43,53,49,50,52,0,118,119,120,121,20,24,14,13,43,57,46,47,48,0,122,123,124,125,7,19,12,17,43,34,17,48,47,0,126,127,128,129,11,16,17,12,43,46,57,6,27,0,123,122,130,131,19,7,15,10,43,6,57,48,17,0,132,122,125,133,15,7,17,16],
    "normals": [-0.577349,0.577349,0.577349,-0.577319,-0.577349,0.577349,0,0.316202,0.948668,0,0.152684,0.98825,0,-0.140507,0.990051,0,0.447188,0.894406,0.577349,-0.577349,-0.577319,0.577349,0.577349,-0.577349,0.577349,0.577349,0.577349,0.577319,-0.577349,0.577349,0.777673,0.183813,-0.601123,-0.472365,0.111667,-0.874264,-0.706351,-0.070864,-0.704276,-0.39143,0.819575,-0.418348,0.008301,0.999939,-0.002838,0.42375,-0.124699,-0.897153,-0.794366,-0.233741,-0.560594,-0.577349,0.577349,-0.577349,-0.577349,-0.577349,-0.577349,0.706351,-0.070864,-0.704276,0.39143,0.819575,-0.418348,-0.016236,-0.999847,0,0.016236,-0.999847,0,-0.577349,-0.577349,0.577349,-0.008301,0.999939,-0.002838,0.577349,-0.577349,0.577349],
    "vertices": [1,2.19585,-0.1,1,2.19585,0.1,1,0.195847,0.1,0.9,2.09585,0.1,1,0.195847,-0.1,-1,2.19585,-0.1,0.9,2.09585,-0.1,0.9,1.89585,0.2,0.9,1.87085,0.1,0.9,1.64585,0.1,0.9,1.42085,0.1,0.9,1.67085,0.2,0.9,1.44585,0.2,0.9,1.22085,0.2,-1,2.19585,0.1,-0.9,2.09585,0.1,-1,0.195847,-0.1,-0.9,2.09585,-0.1,-0.9,1.89585,0.2,-0.9,1.87085,0.1,-0.9,1.64585,0.1,-0.9,1.42085,0.1,-0.9,1.67085,0.2,-0.9,1.44585,0.2,-0.9,1.22085,0.2,0.9,1.19585,0.1,0.9,0.295847,0.1,0.9,0.295847,-0.1,0.9,0.520847,0.1,0.9,0.745847,0.1,0.9,0.970847,0.1,-1,0.195847,0.1,-0.9,1.19585,0.1,-0.9,0.295847,0.1,-0.9,0.295847,-0.1,-0.9,0.995847,0.2,0.9,0.995847,0.2,-0.9,0.520847,0.1,-0.9,0.745847,0.1,-0.9,0.970847,0.1,0.9,0.770847,0.2,-0.9,0.770847,0.2,0.9,0.545847,0.2,-0.9,0.545847,0.2,0.9,0.320847,0.2,-0.9,0.320847,0.2,0.9,0.295847,-1.82785,-0.9,0.295847,-1.82785,-0.9,2.09585,-1.82785,0.841469,0.354378,-1.77166,-0.841469,0.354378,-1.77166,0.841469,2.03732,-1.77166,-0.841469,0.354378,-0.156185,0.841469,0.354378,-0.156185,-0.841469,2.03732,-1.77166,0.841469,2.03732,-0.156185,-0.841469,2.03732,-0.156185,0.9,2.09585,-1.82785],
    "uvs": [[0.900743,0.299312,0.909101,0.30767,0.910558,0.326556,0.911358,0.345445,0.911504,0.364301,0.911063,0.383106,0.910621,0.401907,0.910179,0.420707,0.909737,0.439508,0.909295,0.458308,0.900743,0.466468,0.480493,0.503495,0.480493,0.523651,0.318245,0.523651,0.318245,0.503495,0.582857,0.648391,0.420609,0.648391,0.420609,0.628235,0.582857,0.628235,0.795068,0.044811,0.795068,0.024655,0.957316,0.024655,0.957316,0.044811,0.240089,0.701026,0.420365,0.701027,0.420365,0.719054,0.240089,0.719054,0.231076,0.746096,0.068827,0.746096,0.068827,0.728068,0.231076,0.728068,0.919473,0.62933,0.757225,0.62933,0.757225,0.609175,0.919473,0.609175,0.806044,0.67503,0.643796,0.67503,0.643796,0.654874,0.806044,0.654874,0.760312,0.299312,0.851433,0.425616,0.842419,0.425875,0.757225,0.307785,0.957316,0.163587,0.957316,0.181615,0.795068,0.181615,0.795068,0.163587,0.957316,0.114277,0.795068,0.114277,0.795068,0.094121,0.957316,0.094121,0.659511,0.545096,0.659511,0.524941,0.821759,0.524941,0.821759,0.545096,0.795068,0.239939,0.804082,0.230925,0.966331,0.230926,0.975345,0.239939,0.600639,0.719055,0.600639,0.701027,0.780914,0.701028,0.780914,0.719056,0.504897,0.833772,0.496539,0.825414,0.495082,0.806528,0.494281,0.787639,0.494135,0.768783,0.494577,0.749978,0.495019,0.731177,0.495461,0.712377,0.495903,0.693576,0.496345,0.674776,0.504897,0.666616,0.507837,0.519967,0.507837,0.540122,0.345589,0.540122,0.345589,0.519967,0.059813,0.719054,0.059813,0.701027,0.068827,0.692013,0.231076,0.692013,0.231076,0.529763,0.24009,0.52075,0.068826,0.529763,0.068825,0.692013,0.059811,0.701027,0.059812,0.520749,0.417372,0.293064,0.255124,0.293064,0.255124,0.137319,0.417372,0.137319,0.707914,0.44649,0.70711,0.608736,0.699823,0.603424,0.700575,0.451729,0.554207,0.394554,0.556864,0.403171,0.760313,0.559864,0.757225,0.551392,0.554961,0.451007,0.554208,0.602702,0.072152,0.113882,0.223848,0.113882,0.223848,0.265578,0.072152,0.265578,0.701328,0.300035,0.555713,0.299312,0.70248,0.687215,0.848096,0.687215,0.848096,0.838912,0.70248,0.838912,0.560521,0.661342,0.562767,0.652609,0.569716,0.362513,0.407468,0.362513,0.412744,0.3552,0.56444,0.3552,0.750826,0.696981,0.750826,0.842597,0.599129,0.842597,0.599129,0.696981,0.190949,0.572245,0.190949,0.734493,0.0287,0.734493,0.0287,0.572245,0.024655,0.299312,0.186903,0.299312,0.186904,0.455057,0.024655,0.455057,0.346694,0.572245,0.346693,0.734493,0.190949,0.4165,0.0287,0.4165]],
    "materials": [{
        "colorEmissive": [0,0,0],
        "blending": "NormalBlending",
        "mapDiffuseRepeat": [1,1],
        "colorAmbient": [0.310812,0.310812,0.310812],
        "depthWrite": true,
        "depthTest": true,
        "mapDiffuse": "luefterUV.png",
        "opacity": 1,
        "DbgColor": 15658734,
        "wireframe": false,
        "DbgIndex": 0,
        "visible": true,
        "colorDiffuse": [0.310812,0.310812,0.310812],
        "DbgName": "Material",
        "transparent": false,
        "mapDiffuseWrap": ["RepeatWrapping","RepeatWrapping"],
        "mapDiffuseAnisotropy": 1,
        "shading": "lambert"
    }],
    "name": "CubeGeometry.4",
    "metadata": {
        "uvs": 1,
        "generator": "io_three",
        "normals": 26,
        "vertices": 58,
        "version": 3,
        "type": "Geometry",
        "faces": 58,
        "materials": 1
    }
}